ID,Variants,Fitness
133462,TNTY,0
30784,APPP,0
130974,TFFM,0
9290,IDMW,0
43174,DRNQ,0
101152,NPYI,0
45144,EAQQ,0
104378,PEKW,0
4899,ECIV,0
19282,TPIV,0
97868,NEKK,0
57265,FWTS,0
51972,FEEK,0
147113,YQNG,0
106513,PLQI,0
99078,NHWM,0
32356,AYRL,0
52466,FFQQ,0
68400,HQKF,0
32988,CCQQ,0
135326,TVPQ,0
50880,EWSF,0
84782,LEQI,0
42538,DPIW,0
2239,ADDR,0
47269,EKDG,0
48670,EPEW,0
134722,TSTW,0
101270,NQHW,0
52906,FGYC,0
66605,HKEI,0
72233,IGMM,0
94982,MRAD,0
2277,ADPL,0
109875,PYLM,0
57458,FYKS,0
24086,VRHH,0
32344,AYNS,0
130761,TENE,0
135747,TYAK,0
83632,KYHY,0
14526,PDKF,0
61431,GPAY,0
9308,IDNW,0
28938,AGEA,0
55106,FPKG,0
5878,EYQV,0
2384,AFNV,0
99301,NINW,0
28950,AGFH,0
95170,MRNH,0
38853,CYQY,0
64925,HEHH,0
64137,GYYP,0
102145,NSVI,0
40325,DGMI,0
62422,GRWW,0
43107,DRIY,0
31855,AVAP,0
20112,VCQN,0
7972,GYLV,0
39713,DEMW,0
38726,CYHM,0
56132,FSKQ,0
107420,PPHN,0
188,DDGK,0
137916,WHHK,0
43996,DTYW,0
41524,DLHR,0
31698,ATMI,0
51032,EYFH,0
130053,TADN,0
18748,TDIY,0
107150,PNMN,0
91405,MEPQ,0
45813,EETL,0
63531,GWDW,0
133715,TPPM,0
22070,VKKQ,0
42206,DNIG,0
23918,VQSY,0
129439,SWIN,0
132251,TKHE,0
132050,TIQY,0
23978,VQYH,0
42026,DMTA,0
31124,ARNY,0
41394,DKWM,0
51182,EYTA,0
46665,EHIL,0
46048,EFMS,0
40035,DFNW,0
50882,EWSH,0
29934,ALNC,0
42720,DPYH,0
31348,ASIF,0
29071,AGTC,0
131861,TIDF,0
19432,TTPV,0
67802,HNQC,0
51712,FCKI,0
77922,KCWE,0
29595,AKKP,0
61502,GPFW,0
40428,DGTK,0
44545,DWSK,0
104895,PFWQ,0
70577,HYQW,0
34697,CIQF,0
1392,VDWL,0
28359,AAVK,0
77122,IYPM,0
32282,AYDH,0
32978,CCQE,0
45199,EATR,0.0005686376241
10246,KDFH,0.0005698198229
83821,KYVL,0.0005932539715
92636,MIES,0.0006418813462
15939,QHRV,0.000670130403
67776,HNNP,0.0006938818603
106940,PMVW,0.0007677404336
117938,RFPC,0.000833080045
108873,PTNA,0.0008646161981
113665,QNIP,0.0008659821005
96857,MYKP,0.0009259572122
62555,GSIH,0.0009516782459
123659,SASN,0.0009847305442
87936,LPQP,0.0009930555609
97948,NEPT,0.001003968259
9410,IDVQ,0.001007659319
98254,NFMT,0.001026529344
144478,YGWN,0.001026529344
70962,IATH,0.001054166672
73385,IKVH,0.001070638027
24533,VSNQ,0.001081196587
60466,GLFQ,0.001091965477
125517,SIDQ,0.001100736284
15762,QDWF,0.001125598911
18024,SGGR,0.001154382277
8390,HDYL,0.001166312063
88511,LRIE,0.001171296303
112199,QIDI,0.001176323325
87765,LPEG,0.001218148155
96974,MYSE,0.001223586316
120464,RNRK,0.001223586316
43478,DSLP,0.001243008321
24174,VRNE,0.001268904328
61374,GNVS,0.001277033593
56295,FSVP,0.001295902292
105348,PHFS,0.001305158737
110989,QEQL,0.001309836726
146099,YMPM,0.00131770834
62394,GRVI,0.001319823442
125609,SIKS,0.001350164211
85510,LGRP,0.001363598681
102126,NSTI,0.001412800695
136080,WADH,0.001430310945
121322,RRDW,0.001445587209
95723,MTDG,0.001450176375
133052,TMPS,0.001457890079
67879,HNVI,0.00148153154
26254,WDIP,0.001484971628
47467,EKRG,0.001497723141
41498,DLFH,0.001531191815
87244,LMQR,0.001557291675
100978,NPLQ,0.001575191579
48015,EMHP,0.001612254911
62979,GTNQ,0.001631448421
79992,KKVI,0.001638764334
101376,NQPT,0.001641217574
119863,RMAE,0.001659993279
79073,KHES,0.00166111112
142040,WVVQ,0.001676607034
13880,NKEV,0.001734704651
140511,WQPW,0.001745753725
10526,KEGE,0.001772090527
43959,DTVT,0.001785559184
123022,RWWK,0.001791394345
107014,PNDA,0.001791394345
139952,WPAQ,0.001802191791
98317,NFRI,0.001803179834
127259,SPDL,0.001819137178
75508,IRYK,0.001827222232
125570,SIHP,0.001836404253
86612,LKVY,0.001859092387
67427,HMNM,0.001864512482
144297,YGKR,0.001925644038
76913,IWYW,0.00193016433
111785,QGWN,0.001937745494
73962,IMMK,0.001943853438
73993,IMPE,0.001981325312
73534,ILHH,0.001989715679
60611,GLQP,0.002000608283
43656,DSYR,0.002015318638
136884,WEKI,0.002022755238
91625,MFFQ,0.002050498764
52355,FFIM,0.002060776953
56456,FTIN,0.002060776953
102489,NTVI,0.002065954785
87292,LMTH,0.002071904259
95105,MRIR,0.002077599622
16908,RFAV,0.00209840009
61560,GPLE,0.002108333345
68405,HQKL,0.002175264562
99260,NILP,0.002188290098
79906,KKPQ,0.002228319795
61157,GNFR,0.002258928584
66744,HKPC,0.00228402779
117524,REKR,0.002301287446
108211,PRPL,0.002303221301
122563,RVPL,0.002304891028
80404,KMAW,0.00231782947
57922,GATA,0.002326683657
124510,SFFN,0.002327671633
120647,RPFF,0.002330640602
33404,CEVQ,0.002354089992
82031,KRRY,0.002366187063
128539,SSSY,0.002368793438
143624,YELQ,0.002375072225
56184,FSNM,0.002383333346
111172,QFEK,0.002383333346
1335,VDSE,0.002383333346
16431,QYRV,0.002397230334
117822,RFFQ,0.002397230334
5097,EDNH,0.002425516237
111101,QEYL,0.002437500013
116626,QYVH,0.002439910992
24127,VRKN,0.002447172632
14844,PGSV,0.002454477625
87211,LMNY,0.00245594386
68032,HPHT,0.002458146501
87693,LNYH,0.002461826361
99025,NHSN,0.00249166668
27877,YNNV,0.002514526007
73062,IIWM,0.002537808656
129602,SWTN,0.002561526494
60396,GLAS,0.002565886539
58828,GFLS,0.002581632667
95843,MTLW,0.002610317474
75878,ITAE,0.002610317474
5007,EDHH,0.002610317474
100734,NNSE,0.002635416681
76089,ITPQ,0.002652419369
62487,GSDM,0.002673983754
71092,ICEM,0.002713696384
22441,VLLW,0.002717059081
108341,PRYP,0.002736272893
95206,MRQH,0.002740833348
89596,LVKH,0.002746326
21541,VHVK,0.00275460638
120497,RNTE,0.002763865561
74209,INEY,0.002782571927
119086,RITS,0.002787288151
101083,NPSM,0.002796768723
88620,LRPY,0.002796768723
139898,WNVR,0.002812422279
126838,SMWH,0.002819787395
69444,HTKM,0.00282560139
121338,RRER,0.002835057312
90557,MADP,0.002900352749
113520,QMWN,0.002900352749
119468,RKWG,0.002904743897
111582,QGIS,0.00291268156
79734,KKDF,0.002931372565
137668,WGPE,0.002938515286
117034,RAYW,0.00294261249
80637,KMRP,0.002946001295
107617,PPVM,0.002968411568
84769,LEPP,0.002968411568
128702,STFQ,0.00297109306
105024,PGHT,0.002979166683
111541,QGFP,0.002983396451
95857,MTMQ,0.003011904778
10595,KGDV,0.003020202036
112420,QISN,0.003026156694
123582,SANI,0.003028545136
119910,RMDQ,0.003036169872
49294,ERAR,0.003036934458
96623,MWRR,0.003045370387
117651,RESK,0.003049134751
69861,HVPL,0.003070179922
109523,PWKT,0.003079588032
62622,GSNA,0.003088262927
126020,SKPH,0.003088262927
85569,LGVS,0.003100740757
78450,KFLC,0.00311458335
8832,HRGR,0.003147237494
139151,WLSP,0.0031562822
69459,HTLI,0.00317226082
88540,LRKR,0.003187015521
147530,YRRS,0.003201248157
115820,QVMW,0.00321909957
112624,QKIT,0.003302208853
97648,NCSF,0.003342479693
76507,IVTL,0.003371851219
30583,ANSR,0.003426041685
103555,NYYT,0.003426041685
127875,SQWG,0.003454831951
108018,PRAT,0.003457737613
119420,RKSR,0.003469409301
145627,YLFQ,0.003526218343
67320,HMFP,0.003532760492
119039,RIRH,0.003556102854
106269,PKYA,0.003559523829
94095,MNKN,0.003559523829
121962,RSWT,0.003604499762
21662,VIFE,0.003642303453
111572,QGIG,0.003650020197
47325,EKHI,0.003654444464
116038,QWDQ,0.003703828849
128213,SRVI,0.003708186295
94013,MNEA,0.003723958353
111639,QGMT,0.003738807295
83827,KYVS,0.003761928125
16522,RDAM,0.003844086042
128588,SSWM,0.003852576995
16122,QNIV,0.003873969397
122621,RVSM,0.003877338456
1353,VDTE,0.003915476212
66645,HKHN,0.003972222244
98081,NFAG,0.004015873038
10611,KGGQ,0.004044231332
72616,IHPS,0.004090796042
62974,GTNK,0.004090796042
113458,QMSG,0.004100997528
95229,MRRM,0.004115365388
103261,NYDH,0.0041527778
23562,VPRR,0.004178099616
132665,TLMH,0.004216666689
66351,HILH,0.004244653415
146837,YPSC,0.004282552106
103522,NYWA,0.004282552106
14316,NYPV,0.004282552106
128250,SRYI,0.004293733705
140275,WPYA,0.004325561955
58382,GEEC,0.004350529124
124913,SGKN,0.004350529124
105536,PHTI,0.004350529124
34084,CGVE,0.004375332597
106432,PLKY,0.004397058847
144118,YFVS,0.004416247087
135271,TVLP,0.004420698949
41508,DLFT,0.00445663959
124957,SGMY,0.004463897961
138427,WIRY,0.004496240626
74481,INYY,0.004530303055
5253,EDYW,0.00456805558
120187,RMWH,0.004591010633
69307,HSYW,0.004645480251
141228,WSPT,0.004658353372
37289,CSDQ,0.004677190014
12573,MDTL,0.00468518521
146339,YNHQ,0.00468518521
49746,ESIT,0.004725574738
141716,WTYP,0.004741926208
92103,MGPW,0.004752890199
102379,NTNH,0.004851032475
148889,YWPS,0.005017543887
22373,VLHG,0.005048903536
84795,LERC,0.005113495052
109536,PWLN,0.005139062528
100754,NNTG,0.005204113952
127330,SPII,0.005287781379
76367,IVKT,0.00529118407
90409,LYRM,0.005322006501
138662,WKKQ,0.005400656844
117279,RCRM,0.005435080294
78610,KFVY,0.005466049412
51612,FCCR,0.005481666696
6114,FDLP,0.005513170528
3640,CPHV,0.005548245644
44650,DYCS,0.005593537445
142874,YAHH,0.005593537445
112737,QKRC,0.005604976172
35882,CNCF,0.005631849345
71027,IAYW,0.00565120278
33390,CETY,0.005670689686
10329,KDLS,0.005717754629
90527,MAAY,0.00577017547
26043,VYYI,0.005790492989
22590,VLVW,0.005804711511
16157,QPGW,0.005805093324
65513,HFYT,0.005831560315
39123,DAMT,0.005831560315
98083,NFAI,0.00586274513
45939,EFEL,0.005894265265
118686,RHRK,0.005958333365
79302,KHVI,0.005984352288
100119,NLYC,0.00600182485
7740,GQGS,0.006007305968
115365,QTFM,0.006023809556
37340,CSHL,0.006082789415
66120,HHSL,0.006210347466
30169,AMFL,0.0062291667
144043,YFQS,0.006249457146
132567,TLET,0.006276717591
104316,PEFL,0.006315284212
131793,THVL,0.006325000034
135159,TVDK,0.006374031042
114964,QSCR,0.006421187869
146545,YNWC,0.006449019643
20580,VFAQ,0.006449019643
99957,NLMF,0.006525793686
133451,TNTI,0.006525793686
30017,ALSQ,0.006578000035
143918,YFHT,0.006703125036
55871,FRQF,0.00685208337
60762,GMCW,0.006909663903
3161,CDQK,0.006938818603
64285,HAKT,0.007057939952
46152,EFTS,0.007088362107
136926,WEMN,0.007192794698
110635,QCQC,0.007212719337
110527,QCIC,0.007212719337
90698,MANL,0.007231750259
117248,RCPS,0.007387690965
36586,CQDC,0.007407657698
94669,MQCR,0.007444238723
95838,MTLP,0.007514033983
90415,LYRT,0.007528229949
32959,CCPC,0.007613425967
116139,QWLH,0.007742467085
92645,MIFH,0.007745833375
112261,QIHS,0.007818542039
44612,DWYP,0.007830952423
33965,CGMN,0.007915764182
116436,QYHS,0.007944444487
38206,CVSQ,0.008014132597
23586,VPTC,0.008141089153
76999,IYFQ,0.008230730775
142511,WYFK,0.008269755792
142650,WYQC,0.0083055556
16314,QTLV,0.008310134187
121098,RQMS,0.008378093204
47381,EKLL,0.008565104213
103244,NYCI,0.008565104213
35456,CLTT,0.008598692857
27361,YDLP,0.008963481153
31300,ASDS,0.008986338846
48488,ENQT,0.009238764095
31440,ASPP,0.009290960502
20728,VFLW,0.009363095289
3511,CLGE,0.009414398409
143558,YEHC,0.009561046563
33782,CFYL,0.009566608545
126545,SMCK,0.009934790388
143192,YCER,0.01002743908
117255,RCQF,0.01002743908
87737,LPCQ,0.01025481865
126658,SMKN,0.01072500006
37231,CRYM,0.01072924086
55456,FQKT,0.01074836607
3557,CMGP,0.01089627937
39836,DEYR,0.01096333339
46094,EFQL,0.01096333339
117312,RCTH,0.01099717084
142013,WVTG,0.01113989014
37647,CTEG,0.01155140492
58277,GCVG,0.01169075836
66028,HHMI,0.01174642863
22248,VKWM,0.01181393685
52309,FFEY,0.01227238813
34211,CHFF,0.01234609616
38875,CYSF,0.01258545925
20023,VCKP,0.01311403516
123985,SCRN,0.01378072633
37227,CRYH,0.01385814614
51249,FAAL,0.01499958549
34924,CKHR,0.01516666675
51297,FAEE,0.01522685193
20340,VEIG,0.01532142865
43977,DTWT,0.01544131464
98440,NGCF,0.01544131464
12945,MNGE,0.01554767702
141518,WTLF,0.01591702086
131914,TIHE,0.01612254911
117372,RCYN,0.01684310996
4020,DDDL,0.01768279579
62098,GRAA,0.01831980623
84017,LALF,0.01917455429
38574,CWVC,0.01942322845
105282,PHCE,0.01957738106
115937,QVVD,0.02005487816
84144,LATC,0.02036532519
131055,TFMA,0.02126508632
81034,KNVG,0.02143136415
14010,NNGW,0.02166666678
41159,DKFG,0.02222297309
6396,FGGW,0.02368621412
6986,GCGT,0.02373015886
50676,EWCI,0.02383333346
114382,QQLC,0.02392791018
26038,VYYC,0.02451151775
130593,TCWT,0.0249166668
139618,WNCP,0.0249780379
2125,YDGI,0.02515117661
40787,DICQ,0.02885087735
56860,FVNA,0.0290694446
26592,WGPV,0.02994660524
110649,QCQT,0.03065405718
125450,SHYA,0.03270953378
132231,TKFA,0.03373333352
7404,GFGW,0.03476178881
136548,WCLF,0.03554564149
39135,DANM,0.03654444464
2695,ARLV,0.0375456623
16113,QNGN,0.04151711618
130336,TCAI,0.04420698949
18099,SIGQ,0.04625299384
103976,PCFG,0.04803522363
82637,KTLT,0.04988498507
25449,VWFI,0.05103053081
53341,FIFI,0.05429952859
16404,QYFV,0.05481666696
141975,WVRG,0.05808762034
85293,LGCT,0.060447382
89536,LVFD,0.06615804633
5489,ELGI,0.06764609966
67612,HNCM,0.06909663903
3824,CVGQ,0.08651337915
48289,ENCS,0.09184707496
3790,CTGW,0.09559951369
71350,ICWT,0.1022818276
59718,GICG,0.1218148155
58997,GFYG,0.1417672421
72770,IICI,0.146602714
59678,GHYA,0.1499701266
32164,AWCT,0.1522685193
122778,RWFA,0.1637307214
76948,IYCT,0.1649351041
2906,CCGC,0.165616313
3340,CFGY,0.1694475318
28679,AFFA,0.2308070188
12684,MFGG,0.2456118247
897,RMGV,0.2545450304
17040,RIGQ,0.2756967062
12458,MDMC,0.2830696737
102686,NVLG,0.2900715293
6878,FWGY,0.305708335
75523,ISAF,0.3066016966
11260,LDCM,0.3191381296
93626,MMAS,0.3469323918
13130,MTGA,0.3695815534
113579,QNCT,0.373750002
26314,WDMS,0.3749526164
64510,HCCG,0.3900416688
9601,IIAV,0.4067625342
63802,GWYG,0.4738389856
2453,AIGC,0.5600833364
116,AWGV,0.6578000035
590,LDGT,0.7176147802
9682,ILGA,0.7182699548
94890,MQSA,0.7496479925
28384,AAYG,0.7590000041
6529,FLGC,0.8278818538
50731,EWFT,0.93527406
65196,HFCG,0.9452171222
12454,MDLT,1.071268064
95364,MSCS,1.138300731
26643,WIGA,1.226560572
19558,VAAM,1.600054063
9021,HYGT,1.681497484
19973,VCFT,1.705494303
18065,SHGW,1.807288899
29222,AIAA,2.140590845
453,HYGV,2.487164496
9570,IHGC,3.108682034
116008,QWCA,3.670790222
142253,WWMG,4.916300465
76933,IYCA,5.073267658